sequence,radar_count,label_count,image_count,aligned_count,radar_only_count,label_only_count,empty_label_frames,nonempty_label_frames,total_targets,target_count_min,target_count_mean,target_count_median,target_count_max,target_count_zero_frames,target_count_one_frames,target_count_two_plus_frames,multi_target_frame_prop,class_distribution,class_count,px_min,px_max,px_mean,px_std,py_min,py_max,py_mean,py_std,range_min,range_max,range_mean,range_std,range_span,azimuth_min,azimuth_max,azimuth_mean,azimuth_std,azimuth_span,wid_min,wid_max,len_min,len_max,label_anomaly_count,alignment_quality,target_volume_score,range_diversity_score,azimuth_diversity_score,empty_bonus_score,clean_label_score,label_only_suitability_score,radar_sample_ok_ratio,label_projection_hit_rate,radar_sample_score,d1a_suitability_score,score_reason
2019_05_09_mlms003,898,897,900,897,1,0,0,897,5784,5.0,6.448160535117057,7.0,12.0,0,0,897,1.0,0:2228;1:100;2:863;80:2593,4,-9.94,12.27,-1.0987845781466115,6.464591921608782,0.9,23.65,10.43923755186722,3.1362021387418664,1.4867750334196497,23.650763201216147,12.132990377825022,3.8212910479406723,22.163988167796496,-57.353591804246186,48.40996542311242,-8.324326652839092,28.35725325209905,105.7635572273586,0.6,4.5,0.6,4.5,0,0.9988864142538976,1.0,0.8346004719150739,0.9698246994957223,0.45,1.0,95.06685161579203,1.0,0.8505154639175257,0.9701030927835053,95.30006653529904,label_scan_plus_top5_radar_sampling
2019_05_09_bm1s007,898,897,900,897,1,0,0,897,4379,4.0,4.8818283166109255,5.0,5.0,0,0,897,1.0,1:6;2:3588;80:785,3,-6.52,5.41,2.793594427951587,2.9573544873348836,1.46,16.83,8.790783283854761,4.627499234956381,1.488522757635905,16.83475274543704,9.913697330887752,4.118293400962731,15.346229987801134,-57.40937381455532,45.78176523843302,19.089483459827974,25.44527014398835,103.19113905298835,0.6,4.5,0.6,4.5,0,0.9988864142538976,0.757088520055325,0.7260704459928853,0.9054992697576691,0.45,1.0,85.80090583614981,1.0,0.7876712328767124,0.9575342465753425,86.99520809471593,label_scan_plus_top5_radar_sampling
2019_04_30_mlms001,898,897,900,897,1,0,0,897,2361,1.0,2.632107023411371,3.0,4.0,0,40,857,0.955406911928651,0:1336;2:461;80:564,3,-10.02,3.67,-1.6284921643371453,3.994409712396716,1.87,23.77,12.471465480728504,5.4124680497372735,2.987607738643077,23.86363341991324,13.190810862874839,5.426054375519041,20.87602568127016,-59.117590946887006,25.630237965098644,-6.8306345779594775,19.554420824551656,84.74782891198565,0.6,4.5,0.6,4.5,0,0.9988864142538976,0.40819502074688796,0.9699648964902727,0.7190403611804278,0.45,1.0,82.70852796187113,1.0,0.8961038961038961,0.9792207792207792,84.53415395709595,label_scan_plus_top5_radar_sampling
2019_05_09_cm1s003,898,897,900,897,1,0,0,897,3766,4.0,4.1984392419175025,4.0,5.0,0,0,897,1.0,2:3766,1,-12.11,6.93,-4.813980350504513,7.36475297710972,8.91,23.47,14.652692511949018,5.105151925366679,13.42347570489849,23.86426826868991,17.42998661800761,3.791244354531586,10.440792563791419,-48.41254114926712,27.681619153657184,-18.134896513367625,30.003363256468017,76.09416030292431,1.8,4.5,1.8,4.5,0,0.9988864142538976,0.651106500691563,0.5935579242484177,0.8737634307505897,0.45,1.0,82.21109430031039,1.0,1.0,1.0,84.34576298427315,label_scan_plus_top5_radar_sampling
2019_04_30_mlms000,898,897,900,897,1,0,0,897,1992,1.0,2.220735785953177,2.0,3.0,0,86,811,0.9041248606465998,0:897;2:250;80:845,3,-10.09,4.96,0.16136044176706826,3.8284826923343167,2.0,23.65,11.35570281124498,5.388209798007265,2.770415131347647,23.864771107219948,11.950130549604355,5.464658079856601,21.0943559758723,-59.15763264967725,19.77757284945977,1.4008822618875378,18.959485449952634,78.93520549913701,0.6,4.5,0.6,4.5,0,0.9988864142538976,0.34439834024896265,0.9782830381102058,0.6834030381625926,0.45,1.0,80.77301641385749,1.0,0.8923076923076924,0.9784615384615385,82.82179290573305,label_scan_plus_top5_radar_sampling
2019_04_30_pbms002,898,897,900,897,1,0,0,897,1755,1.0,1.9565217391304348,2.0,2.0,0,39,858,0.9565217391304348,0:897;80:858,2,-5.17,5.68,-0.3444615384615385,2.92779291903062,6.59,23.86,12.076091168091168,3.7597882271553407,6.606738983795259,23.86416979490382,12.427888038637178,3.769112553428125,17.257430811108563,-25.692354635427577,24.651957142369376,-1.7561747902346374,13.7876451629155,50.34431177779695,0.6,1.7,0.6,1.7,0,0.9988864142538976,0.3034232365145228,0.7297300358663383,0.4669488126434176,0.45,1.0,73.00167110141624,,,,73.00167110141624,label_scan_only_not_in_radar_sample_top5
2019_05_29_pbms007,898,897,900,897,1,0,0,897,1965,1.0,2.190635451505017,2.0,3.0,0,6,891,0.9933110367892977,0:1069;3:129;80:767,3,-7.724748,6.25625,-0.07236954300254453,3.1137163009877438,7.50789,19.47634,11.165202422473282,2.06158864538009,7.52622330602142,20.093991237633702,11.540253382427741,2.3312896218015555,12.567767931612282,-30.31653790246691,25.102642222404462,0.2620582811060219,13.763527843721182,55.419180124871374,0.6,1.7,0.6,2.0,0,0.9988864142538976,0.33973029045643155,0.48980266281460605,0.4880991276469276,0.45,1.0,72.48860834326294,,,,72.48860834326294,label_scan_only_not_in_radar_sample_top5
2019_04_30_pcms001,898,897,900,897,1,0,0,897,1525,1.0,1.7001114827201784,2.0,3.0,0,330,567,0.6321070234113713,0:897;2:628,2,-5.86,3.35,-0.27705573770491804,2.936633209988619,1.72,23.52,10.389777049180328,4.603180862040246,3.192882710028666,23.86426826868991,10.856478583265542,4.469249203527115,20.671385558661242,-57.45516278889445,17.919994760569057,-2.048123311042367,19.2510899119277,75.37515754946351,0.7,4.5,0.7,4.5,0,0.9988864142538976,0.26365836791147995,0.8695107283795309,0.673601322361709,0.45,1.0,72.179030848196,,,,72.179030848196,label_scan_only_not_in_radar_sample_top5
2019_04_09_pms3000,898,895,898,895,3,0,0,895,2014,1.0,2.2502793296089387,2.0,3.0,0,52,843,0.9418994413407821,0:2014,1,-2.61581241,3.40661478,-0.018258275595829196,1.7265944076113855,1.12353422,9.8361345,6.37081382367428,2.4131698377042405,1.5539282456214494,9.950199269075432,6.630752139106114,2.3292155598585427,8.396271023453982,-52.4402508216841,38.933276930757835,-1.0335239387136677,18.74257313108182,91.37352775244193,0.7,0.7,0.7,0.7,0,0.9966592427616926,0.3482019363762102,0.4048991574982699,0.7323490042860679,0.45,1.0,69.38634911203326,,,,69.38634911203326,label_scan_only_not_in_radar_sample_top5
2019_05_29_bcms000,898,897,900,897,1,0,23,874,911,0.0,1.015607580824972,1.0,2.0,23,837,37,0.04124860646599777,2:8;3:33;7:454;80:416,4,-11.39,12.59,-3.0646212952799123,7.111839855474021,5.51,22.94,17.7007903402854,3.9298542986924714,9.373798589686041,23.865037188322166,19.373340355333173,3.6613640585857583,14.491238598636125,-55.7746250818367,31.84503383731329,-11.634840627283463,22.49333027461817,87.61965891915,0.6,2.6,0.6,15.0,0,0.9988864142538976,0.15750345781466113,0.6627229333988773,0.7851333147716689,1.0,1.0,68.11263976019487,,,,68.11263976019487,label_scan_only_not_in_radar_sample_top5
2019_05_29_mlms006,898,897,900,897,1,0,0,897,1471,1.0,1.6399108138238574,1.0,3.0,0,472,425,0.4738015607580825,0:525;2:280;80:666,3,-12.67,9.34,-7.068436437797417,4.463175059723388,5.94,23.04,18.03725356900068,3.4158032085833083,9.368244232512302,23.863733991142293,19.9217528900207,3.164919422365562,14.495489758629992,-52.67389815257071,24.674976351179037,-21.73683463752656,14.011572198668432,77.34887450374974,0.6,4.5,0.6,4.5,0,0.9988864142538976,0.2543222683264177,0.6128437132499913,0.5859519842712582,0.45,1.0,67.82028775176568,,,,67.82028775176568,label_scan_only_not_in_radar_sample_top5
2019_04_09_pms2000,898,895,898,895,3,0,0,895,1790,2.0,2.0,2.0,2.0,0,0,895,1.0,0:1790,1,-1.63,3.0,0.42596648044692736,1.3821469975725398,1.89,11.42,6.586446927374301,2.690041016743853,1.913164917094185,11.500695631134667,6.742154700432608,2.693089593697228,9.587530714040481,-25.620228919796038,28.744547367609226,3.532189866777924,12.82260142133494,54.36477628740526,0.7,0.7,0.7,0.7,0,0.9966592427616926,0.3094744121715076,0.465708281333721,0.4663644938946993,0.45,1.0,67.38794865467308,,,,67.38794865467308,label_scan_only_not_in_radar_sample_top5
2019_05_09_pcms002,898,896,900,896,2,0,2,894,1268,0.0,1.4151785714285714,1.0,3.0,2,521,373,0.41629464285714285,0:852;2:416,2,-4.50625,7.56875,0.16071569400630914,2.111770266791911,2.73817,19.5205,7.632959929022082,2.6134740378547114,2.7604483238959574,20.93647288376196,7.895849201865846,2.6894780906336075,18.176024559866004,-33.70947233982182,33.09336334461975,-1.5626345906980568,15.035115574267499,66.80283568444158,0.7,4.5,0.7,4.5,0,0.9977728285077951,0.21922544951590595,0.6397187483177535,0.5598438342432905,0.7778061224489796,1.0,64.49043248327922,,,,64.49043248327922,label_scan_only_not_in_radar_sample_top5
2019_04_30_pbss000,898,897,900,897,1,0,0,897,1794,2.0,2.0,2.0,2.0,0,0,897,1.0,0:897;80:897,2,-1.60791503,1.575,-0.0032413848383500764,1.5782754001416452,9.20186078,9.5836,9.49942555955407,0.08968505736785937,9.330149246714468,9.712158048549252,9.629656867841744,0.08832736790198897,0.38200880183478425,-9.664792453537292,9.332749702268496,-0.10109324029198054,9.433976886601066,18.99754215580579,0.6,0.7,0.7,1.7,0,0.9988864142538976,0.31016597510373445,0.01664586438839738,0.25376709764323835,0.45,1.0,60.45364496506964,,,,60.45364496506964,label_scan_only_not_in_radar_sample_top5
2019_05_09_pbms004,898,897,900,897,1,0,0,897,1321,1.0,1.4726867335562988,1.0,3.0,0,478,419,0.46711259754738016,0:554;80:767,2,-5.34429847,1.79797143,-1.9509095318395155,1.7810677176533465,3.96588915,12.52179753,7.608953170590461,1.507652116992695,5.027319316931707,12.522199070490549,8.073836174075122,1.4002153079424524,7.494879753558842,-38.717253306210765,11.677358135001738,-14.994623419769606,13.42165579833243,50.394611441212504,0.6,1.7,0.6,1.7,0,0.9988864142538976,0.22838865836791147,0.29309718232020376,0.46045377345245025,0.45,1.0,58.21166570803645,,,,58.21166570803645,label_scan_only_not_in_radar_sample_top5
2019_04_09_bms1000,897,895,897,894,3,1,0,894,894,1.0,1.0,1.0,1.0,0,894,0,0.0,80:894,1,-2.40062618,3.55782695,0.2548474482550336,1.9951035760526155,4.39892267,14.29645046,8.730218349630873,2.5117673361798145,4.871273781722375,14.456705716587676,8.980538576702507,2.4333104932888414,9.585431934865301,-19.906020365042682,31.318122630801486,2.7257368476412065,14.336709042725461,51.22414299584417,0.6,1.7,0.6,1.7,0,0.9966555183946488,0.1545643153526971,0.4395197508092318,0.4807573381086949,0.45,1.0,51.581859299819435,,,,51.581859299819435,label_scan_only_not_in_radar_sample_top5
2019_05_29_cm1s014,898,897,900,897,1,0,760,137,137,0.0,0.1527313266443701,0.0,1.0,760,137,0,0.0,2:105;3:32,2,-3.85431486,7.16579092,0.5168823256934306,2.986816306631307,4.14777145,18.83402958,10.596754238759123,4.937546923110552,4.785637107659361,20.151159513275392,11.054300648086304,4.864282699892102,15.36552240561603,-39.09254932720089,39.861205048424644,-1.9470218885371966,19.420728073000834,78.95375437562554,1.8,4.5,0.8,4.5,0,0.9988864142538976,0.023686030428769017,0.8015435320626454,0.6919371262935368,0.0,1.0,50.518696943637195,,,,50.518696943637195,label_scan_only_not_in_radar_sample_top5
2019_04_09_pms1000,898,895,898,895,3,0,2,893,893,0.0,0.9977653631284916,1.0,1.0,2,893,0,0.0,0:893,1,-2.67661729,1.75936856,-0.3735451056550952,1.0778169214525761,3.07156339,10.4677107,7.4809408176931695,1.7072678043575915,3.121141097921242,10.486962605480084,7.565023703120898,1.717812710097088,7.365821507558842,-17.688978306850895,11.972854694956261,-2.8437967558583575,8.17610093649333,29.661833001807157,0.7,0.7,0.7,0.7,0,0.9966592427616926,0.1543914246196404,0.3224420282094945,0.2760827676583494,0.7778132482043096,1.0,48.029758748574935,,,,48.029758748574935,label_scan_only_not_in_radar_sample_top5
2019_04_30_cm1s000,898,896,900,896,2,0,808,88,88,0.0,0.09821428571428571,0.0,1.0,808,88,0,0.0,2:88,1,-1.96875,4.59375,0.4643465909090909,2.1029335906520976,5.16719,25.48265,14.241898522727272,5.701916898504305,6.742371916365931,25.55199703712021,14.514321807754632,5.414419613701026,18.809625120754276,-4.614771287525167,39.97046383812863,6.165360093283565,13.585408267230944,44.585235125653796,1.8,4.5,1.8,4.5,0,0.9977728285077951,0.015214384508990318,0.926839341064998,0.4387379840554222,0.0,1.0,46.76228777191384,,,,46.76228777191384,label_scan_only_not_in_radar_sample_top5
2019_05_29_pcms005,898,897,900,897,1,0,693,204,327,0.0,0.36454849498327757,0.0,2.0,693,81,123,0.13712374581939799,2:126;80:201,2,10.838690074227925,22.028933470623702,16.31274778597073,4.147795566982872,0.7670482363763229,6.458837718238192,2.982660974947275,1.9045031712708038,10.865797969872943,22.796870250517745,16.62218851156674,4.419976957063043,11.931072280644802,73.38172075195902,85.95195761906695,80.66728487614918,3.951464393324117,12.570236867107923,0.6,1.8,0.6,4.5,0,0.9988864142538976,0.05653526970954357,0.6870952635229782,0.12591890627255392,0.0,1.0,46.497433847790575,,,,46.497433847790575,label_scan_only_not_in_radar_sample_top5
2019_04_09_cms1000,898,898,898,896,2,2,1,895,895,0.0,0.9988839285714286,1.0,1.0,1,895,0,0.0,2:895,1,-1.42410014,4.94858847,2.2753907420782125,2.0808773497054953,8.92818955,9.60894922,9.18502251722905,0.16541567504855442,9.085852234896802,10.453109710823897,9.682417657136245,0.38761175676870496,1.3672574759270955,-8.430190371719771,28.808956813717824,13.491231140282057,12.202436004154123,37.239147185437595,4.5,4.5,1.8,1.8,0,0.9977728285077951,0.1547372060857538,0.06677156732430319,0.3821303930551151,0.7746173469387755,1.0,46.32735675633634,,,,46.32735675633634,label_scan_only_not_in_radar_sample_top5
2019_04_09_css1000,897,894,897,894,3,0,0,894,894,1.0,1.0,1.0,1.0,0,894,0,0.0,2:894,1,-0.46254258,-0.44686645,-0.455245847360179,0.0023864644117772135,8.14574201,8.29335269,8.227124288176734,0.021870917959755973,8.158122492301512,8.30618119954627,8.23971036739718,0.021907266338478885,0.14805870724475767,-3.2022271978319083,-3.122211344743006,-3.1672164689009867,0.014087721268494249,0.08001585308890213,4.5,4.5,1.8,1.8,0,0.9966555183946488,0.1545643153526971,0.005210961171316085,0.0005986952843574419,0.45,1.0,38.866916801907564,,,,38.866916801907564,label_scan_only_not_in_radar_sample_top5
